{"cameraMode":{"drawMode":0,"name":"Shaded","section":"Shading Mode"},"sceneLighting":false,"audioPlay":false,"sceneViewState":{"m_AlwaysRefresh":false,"showFog":true,"showSkybox":false,"showFlares":true,"showImageEffects":true,"showParticleSystems":true,"showVisualEffectGraphs":true,"m_FxEnabled":true},"in2DMode":false,"pivot":{"x":-0.38307270407676699,"y":3.3883962631225588,"z":4.273422718048096},"rotation":{"x":-0.009636187925934792,"y":0.987424910068512,"z":-0.14318035542964936,"w":-0.06645875424146652},"size":0.01227689627557993,"orthographic":false}