{"cameraMode":{"drawMode":0,"name":"Shaded","section":"Shading Mode"},"sceneLighting":false,"audioPlay":false,"sceneViewState":{"m_AlwaysRefresh":false,"showFog":true,"showSkybox":false,"showFlares":true,"showImageEffects":true,"showParticleSystems":true,"showVisualEffectGraphs":true,"m_FxEnabled":true},"in2DMode":false,"pivot":{"x":-4.080056667327881,"y":0.5856380462646484,"z":3.9234304428100588},"rotation":{"x":0.1592191904783249,"y":0.2795262932777405,"z":-0.047062426805496219,"w":0.9456819295883179},"size":4.1194987297058109,"orthographic":false}