{"cameraMode":{"drawMode":0,"name":"Shaded","section":"Shading Mode"},"sceneLighting":true,"audioPlay":false,"sceneViewState":{"m_AlwaysRefresh":false,"showFog":true,"showSkybox":true,"showFlares":true,"showImageEffects":true,"showParticleSystems":true,"showVisualEffectGraphs":true,"m_FxEnabled":true},"in2DMode":false,"pivot":{"x":-11.18902587890625,"y":0.19866180419921876,"z":-3.470067024230957},"rotation":{"x":0.4898727238178253,"y":-0.40178921818733218,"z":0.27170467376708987,"w":0.7244130373001099},"size":11.972908973693848,"orthographic":false}