{"cameraMode":{"drawMode":0,"name":"Shaded","section":"Shading Mode"},"sceneLighting":true,"audioPlay":false,"sceneViewState":{"m_AlwaysRefresh":false,"showFog":true,"showSkybox":true,"showFlares":true,"showImageEffects":true,"showParticleSystems":true,"showVisualEffectGraphs":true,"m_FxEnabled":true},"in2DMode":false,"pivot":{"x":-40.730140686035159,"y":-90.1198501586914,"z":-414.5353088378906},"rotation":{"x":-0.0053282068111002449,"y":0.9929128289222717,"z":-0.10825450718402863,"w":-0.048894915729761127},"size":225.0823211669922,"orthographic":false}