{"cameraMode":{"drawMode":0,"name":"Shaded","section":"Shading Mode"},"sceneLighting":true,"audioPlay":false,"sceneViewState":{"m_AlwaysRefresh":false,"showFog":true,"showSkybox":true,"showFlares":true,"showImageEffects":true,"showParticleSystems":true,"showVisualEffectGraphs":true,"m_FxEnabled":true},"in2DMode":false,"pivot":{"x":1.7114884853363038,"y":3.9000000953674318,"z":-12.875246047973633},"rotation":{"x":0.6356566548347473,"y":0.003247448243200779,"z":-0.0026579522527754308,"w":0.7720634937286377},"size":10.116280555725098,"orthographic":false}