{"cameraMode":{"drawMode":0,"name":"Shaded","section":"Shading Mode"},"sceneLighting":false,"audioPlay":false,"sceneViewState":{"m_AlwaysRefresh":false,"showFog":true,"showSkybox":false,"showFlares":true,"showImageEffects":true,"showParticleSystems":true,"showVisualEffectGraphs":true,"m_FxEnabled":true},"in2DMode":false,"pivot":{"x":0.019095197319984437,"y":1.4139049053192139,"z":1.7053720951080323},"rotation":{"x":0.30416905879974368,"y":-0.6401152014732361,"z":0.3063831031322479,"w":0.6355301737785339},"size":0.31353333592414858,"orthographic":false}