{"cameraMode":{"drawMode":0,"name":"Shaded","section":"Shading Mode"},"sceneLighting":false,"audioPlay":false,"sceneViewState":{"m_AlwaysRefresh":false,"showFog":true,"showSkybox":false,"showFlares":true,"showImageEffects":true,"showParticleSystems":true,"showVisualEffectGraphs":true,"m_FxEnabled":true},"in2DMode":false,"pivot":{"x":15.669565200805664,"y":1.8857529163360596,"z":-16.196199417114259},"rotation":{"x":-0.0005572416121140122,"y":-0.9994375109672546,"z":0.021591246128082277,"w":-0.0257928054779768},"size":1.3442299365997315,"orthographic":true}