{"cameraMode":{"drawMode":0,"name":"Shaded","section":"Shading Mode"},"sceneLighting":false,"audioPlay":false,"sceneViewState":{"m_AlwaysRefresh":false,"showFog":true,"showSkybox":false,"showFlares":true,"showImageEffects":true,"showParticleSystems":true,"showVisualEffectGraphs":true,"m_FxEnabled":true},"in2DMode":false,"pivot":{"x":-9.644064903259278,"y":1.1513583660125733,"z":-14.830961227416993},"rotation":{"x":0.008268582634627819,"y":0.7246474623680115,"z":-0.008696191944181919,"w":0.6890157461166382},"size":2.0859363079071047,"orthographic":true}